Card Name,Max Willing To Pay,Timeframe Tracking,Market Low Sale,Market High Sale,Market Total Sold,Seller,Condition,Price,Shipping,Total Cost,Within Budget
Altaria ex - 253/182 - SV04: Paradox Rift (PAR),$45.00,1 Year Snapshot,$30.95,$99.95,1363,Grit Card Collect,Lightly Played Holofoil,$48.00,+ $0.99 Shipping,$48.99,NO
Altaria ex - 253/182 - SV04: Paradox Rift (PAR),$45.00,1 Year Snapshot,$30.95,$99.95,1363,Wangtopia,Near Mint Holofoil,$51.00,Shipping: Included,$51.00,NO
Altaria ex - 253/182 - SV04: Paradox Rift (PAR),$45.00,1 Year Snapshot,$30.95,$99.95,1363,The Pudgy Pidgey,Near Mint Holofoil,$49.75,+ $1.25 Shipping,$51.00,NO
Altaria ex - 253/182 - SV04: Paradox Rift (PAR),$45.00,1 Year Snapshot,$30.95,$99.95,1363,Chums Bin,Near Mint Holofoil,$49.70,+ $1.30 Shipping,$51.00,NO
Altaria ex - 253/182 - SV04: Paradox Rift (PAR),$45.00,1 Year Snapshot,$30.95,$99.95,1363,Black Kaiba,Near Mint Holofoil,$51.00,+ $0.99 Shipping,$51.99,NO
Altaria ex - 253/182 - SV04: Paradox Rift (PAR),$45.00,1 Year Snapshot,$30.95,$99.95,1363,JHarris games,Near Mint Holofoil,$51.99,Shipping: Included,$51.99,NO
Altaria ex - 253/182 - SV04: Paradox Rift (PAR),$45.00,1 Year Snapshot,$30.95,$99.95,1363,Shockedmagic,Near Mint Holofoil,$51.00,+ $2.99 Shipping,$53.99,NO
Altaria ex - 253/182 - SV04: Paradox Rift (PAR),$45.00,1 Year Snapshot,$30.95,$99.95,1363,Red Fox Gaming,Near Mint Holofoil,$53.00,+ $0.99 Shipping,$53.99,NO
Altaria ex - 253/182 - SV04: Paradox Rift (PAR),$45.00,1 Year Snapshot,$30.95,$99.95,1363,CheapestradingCards,Near Mint Holofoil,$53.99,Shipping: Included,$53.99,NO
Altaria ex - 253/182 - SV04: Paradox Rift (PAR),$45.00,1 Year Snapshot,$30.95,$99.95,1363,NWA Sports Cards,Near Mint Holofoil,$54.80,Shipping: Included,$54.80,NO
Altaria ex - 253/182 - SV04: Paradox Rift (PAR),$45.00,1 Year Snapshot,$30.95,$99.95,1363,PxelNation,Near Mint Holofoil,$52.81,+ $1.99 Shipping,$54.80,NO
Altaria ex - 253/182 - SV04: Paradox Rift (PAR),$45.00,1 Year Snapshot,$30.95,$99.95,1363,TripleDiamondFargo,Near Mint Holofoil,$53.00,+ $1.95 Shipping,$54.95,NO
Altaria ex - 253/182 - SV04: Paradox Rift (PAR),$45.00,1 Year Snapshot,$30.95,$99.95,1363,Dragon Master Games,Near Mint Holofoil,$54.99,Shipping: Included,$54.99,NO
Altaria ex - 253/182 - SV04: Paradox Rift (PAR),$45.00,1 Year Snapshot,$30.95,$99.95,1363,EX Vault,Near Mint Holofoil,$55.00,Shipping: Included,$55.00,NO
Altaria ex - 253/182 - SV04: Paradox Rift (PAR),$45.00,1 Year Snapshot,$30.95,$99.95,1363,Goblin King Games,Near Mint Holofoil,$54.05,+ $1.31 Shipping,$55.36,NO
Altaria ex - 253/182 - SV04: Paradox Rift (PAR),$45.00,1 Year Snapshot,$30.95,$99.95,1363,TheHiveHQ,Near Mint Holofoil,$54.49,+ $0.99 Shipping,$55.48,NO
Altaria ex - 253/182 - SV04: Paradox Rift (PAR),$45.00,1 Year Snapshot,$30.95,$99.95,1363,KitchenTableTCG,Near Mint Holofoil,$55.86,Shipping: Included,$55.86,NO
Altaria ex - 253/182 - SV04: Paradox Rift (PAR),$45.00,1 Year Snapshot,$30.95,$99.95,1363,Midgar Market TCG,Lightly Played Holofoil,$54.70,+ $1.31 Shipping,$56.01,NO
Altaria ex - 253/182 - SV04: Paradox Rift (PAR),$45.00,1 Year Snapshot,$30.95,$99.95,1363,B Versus TCG,Near Mint Holofoil,$54.73,+ $1.49 Shipping,$56.22,NO
Altaria ex - 253/182 - SV04: Paradox Rift (PAR),$45.00,1 Year Snapshot,$30.95,$99.95,1363,Progress CCG,Near Mint Holofoil,$52.50,+ $3.99 Shipping,$56.49,NO
Altaria ex - 253/182 - SV04: Paradox Rift (PAR),$45.00,1 Year Snapshot,$30.95,$99.95,1363,Ninety Five,Near Mint Holofoil,$56.95,Shipping: Included,$56.95,NO
Altaria ex - 253/182 - SV04: Paradox Rift (PAR),$45.00,1 Year Snapshot,$30.95,$99.95,1363,huskerpower39,Near Mint Holofoil,$55.00,+ $1.99 Shipping,$56.99,NO
Altaria ex - 253/182 - SV04: Paradox Rift (PAR),$45.00,1 Year Snapshot,$30.95,$99.95,1363,Galaxy Games LLC,Near Mint Holofoil,$55.12,+ $1.99 Shipping,$57.11,NO
Altaria ex - 253/182 - SV04: Paradox Rift (PAR),$45.00,1 Year Snapshot,$30.95,$99.95,1363,CKShoals,Near Mint Holofoil,$55.80,+ $1.99 Shipping,$57.79,NO
Altaria ex - 253/182 - SV04: Paradox Rift (PAR),$45.00,1 Year Snapshot,$30.95,$99.95,1363,Spacecard Collect,Near Mint Holofoil,$57.00,+ $0.99 Shipping,$57.99,NO
Altaria ex - 253/182 - SV04: Paradox Rift (PAR),$45.00,1 Year Snapshot,$30.95,$99.95,1363,PhantasmGaming,Near Mint Holofoil,$58.00,Shipping: Included,$58.00,NO
Altaria ex - 253/182 - SV04: Paradox Rift (PAR),$45.00,1 Year Snapshot,$30.95,$99.95,1363,KingsmansCards,Near Mint Holofoil,$52.98,+ $6.00 Shipping,$58.98,NO
Altaria ex - 253/182 - SV04: Paradox Rift (PAR),$45.00,1 Year Snapshot,$30.95,$99.95,1363,Bingo Bango Bingo,Near Mint Holofoil,$59.20,Shipping: Included,$59.20,NO
Altaria ex - 253/182 - SV04: Paradox Rift (PAR),$45.00,1 Year Snapshot,$30.95,$99.95,1363,ShadowsCardsMD,Near Mint Holofoil,$57.50,+ $1.99 Shipping,$59.49,NO
Altaria ex - 253/182 - SV04: Paradox Rift (PAR),$45.00,1 Year Snapshot,$30.95,$99.95,1363,Untapped Games,Near Mint Holofoil,$58.20,+ $1.64 Shipping,$59.84,NO
Altaria ex - 253/182 - SV04: Paradox Rift (PAR),$45.00,1 Year Snapshot,$30.95,$99.95,1363,Nash's Collectibles,Near Mint Holofoil,$52.94,+ $6.99 Shipping,$59.93,NO
Altaria ex - 253/182 - SV04: Paradox Rift (PAR),$45.00,1 Year Snapshot,$30.95,$99.95,1363,Cardian Crane,Near Mint Holofoil,$60.00,Shipping: Included,$60.00,NO
Altaria ex - 253/182 - SV04: Paradox Rift (PAR),$45.00,1 Year Snapshot,$30.95,$99.95,1363,Galactic Toys Alpine,Near Mint Holofoil,$60.87,Shipping: Included,$60.87,NO
Altaria ex - 253/182 - SV04: Paradox Rift (PAR),$45.00,1 Year Snapshot,$30.95,$99.95,1363,KC Cards Collectible,Lightly Played Holofoil,$54.98,+ $5.99 Shipping,$60.97,NO
Altaria ex - 253/182 - SV04: Paradox Rift (PAR),$45.00,1 Year Snapshot,$30.95,$99.95,1363,JMSneakers,Near Mint Holofoil,$60.00,+ $0.99 Shipping,$60.99,NO
Altaria ex - 253/182 - SV04: Paradox Rift (PAR),$45.00,1 Year Snapshot,$30.95,$99.95,1363,L.T.'s Hobbies&Games,Near Mint Holofoil,$58.30,+ $2.99 Shipping,$61.29,NO
Altaria ex - 253/182 - SV04: Paradox Rift (PAR),$45.00,1 Year Snapshot,$30.95,$99.95,1363,Games and Cards,Near Mint Holofoil,$60.00,+ $1.29 Shipping,$61.29,NO
Altaria ex - 253/182 - SV04: Paradox Rift (PAR),$45.00,1 Year Snapshot,$30.95,$99.95,1363,Champion City Hobby,Near Mint Holofoil,$59.88,+ $1.49 Shipping,$61.37,NO
Altaria ex - 253/182 - SV04: Paradox Rift (PAR),$45.00,1 Year Snapshot,$30.95,$99.95,1363,Collectors Cauldron,Near Mint Holofoil,$54.73,+ $6.99 Shipping,$61.72,NO
Altaria ex - 253/182 - SV04: Paradox Rift (PAR),$45.00,1 Year Snapshot,$30.95,$99.95,1363,Blade,Near Mint Holofoil,$59.99,+ $1.99 Shipping,$61.98,NO
Altaria ex - 253/182 - SV04: Paradox Rift (PAR),$45.00,1 Year Snapshot,$30.95,$99.95,1363,nickscloset,Near Mint Holofoil,$54.00,+ $8.00 Shipping,$62.00,NO
Altaria ex - 253/182 - SV04: Paradox Rift (PAR),$45.00,1 Year Snapshot,$30.95,$99.95,1363,AM-Cards,Near Mint Holofoil,$60.00,+ $2.00 Shipping,$62.00,NO
Altaria ex - 253/182 - SV04: Paradox Rift (PAR),$45.00,1 Year Snapshot,$30.95,$99.95,1363,Galactic Toys Alpine,Lightly Played Holofoil,$62.90,Shipping: Included,$62.90,NO
Altaria ex - 253/182 - SV04: Paradox Rift (PAR),$45.00,1 Year Snapshot,$30.95,$99.95,1363,MagikarpFishingCo,Near Mint Holofoil,$59.99,+ $2.99 Shipping,$62.98,NO
Altaria ex - 253/182 - SV04: Paradox Rift (PAR),$45.00,1 Year Snapshot,$30.95,$99.95,1363,Poke Ginger Giant,Near Mint Holofoil,$61.52,+ $1.50 Shipping,$63.02,NO
Altaria ex - 253/182 - SV04: Paradox Rift (PAR),$45.00,1 Year Snapshot,$30.95,$99.95,1363,Champion City Hobby,Lightly Played Holofoil,$61.81,+ $1.49 Shipping,$63.30,NO
Altaria ex - 253/182 - SV04: Paradox Rift (PAR),$45.00,1 Year Snapshot,$30.95,$99.95,1363,Mighty Meeple,Lightly Played Holofoil,$61.56,+ $1.99 Shipping,$63.55,NO
Altaria ex - 253/182 - SV04: Paradox Rift (PAR),$45.00,1 Year Snapshot,$30.95,$99.95,1363,Boba Tea TCG,Lightly Played Holofoil,$59.62,+ $4.99 Shipping,$64.61,NO
Altaria ex - 253/182 - SV04: Paradox Rift (PAR),$45.00,1 Year Snapshot,$30.95,$99.95,1363,Express TCG Harlem,Near Mint Holofoil,$63.84,+ $0.99 Shipping,$64.83,NO
Altaria ex - 253/182 - SV04: Paradox Rift (PAR),$45.00,1 Year Snapshot,$30.95,$99.95,1363,LonelyTaquitoShopTCG,Near Mint Holofoil,$64.95,Shipping: Included,$64.95,NO
Altaria ex - 253/182 - SV04: Paradox Rift (PAR),$45.00,1 Year Snapshot,$30.95,$99.95,1363,SinStore,Near Mint Holofoil,$64.99,Shipping: Included,$64.99,NO
Altaria ex - 253/182 - SV04: Paradox Rift (PAR),$45.00,1 Year Snapshot,$30.95,$99.95,1363,"Odyssey Games, LLC",Near Mint Holofoil,$59.43,+ $5.99 Shipping,$65.42,NO
Altaria ex - 253/182 - SV04: Paradox Rift (PAR),$45.00,1 Year Snapshot,$30.95,$99.95,1363,wiscomrade cards,Near Mint Holofoil,$60.64,+ $4.99 Shipping,$65.63,NO
Altaria ex - 253/182 - SV04: Paradox Rift (PAR),$45.00,1 Year Snapshot,$30.95,$99.95,1363,BTB Games,Lightly Played Holofoil,$60.72,+ $4.99 Shipping,$65.71,NO
Altaria ex - 253/182 - SV04: Paradox Rift (PAR),$45.00,1 Year Snapshot,$30.95,$99.95,1363,PlayandTalk F,Lightly Played Holofoil,$65.64,+ $0.99 Shipping,$66.63,NO
Altaria ex - 253/182 - SV04: Paradox Rift (PAR),$45.00,1 Year Snapshot,$30.95,$99.95,1363,Zendri's Cards,Near Mint Holofoil,$61.58,+ $5.99 Shipping,$67.57,NO
Altaria ex - 253/182 - SV04: Paradox Rift (PAR),$45.00,1 Year Snapshot,$30.95,$99.95,1363,Kanto Kollectibles,Near Mint Holofoil,$62.99,+ $4.99 Shipping,$67.98,NO
Altaria ex - 253/182 - SV04: Paradox Rift (PAR),$45.00,1 Year Snapshot,$30.95,$99.95,1363,LimitBreak Loot,Near Mint Holofoil,$68.49,Shipping: Included,$68.49,NO
Altaria ex - 253/182 - SV04: Paradox Rift (PAR),$45.00,1 Year Snapshot,$30.95,$99.95,1363,Expero Cards,Near Mint Holofoil,$64.99,+ $4.99 Shipping,$69.98,NO
Altaria ex - 253/182 - SV04: Paradox Rift (PAR),$45.00,1 Year Snapshot,$30.95,$99.95,1363,Retro Card Junkie,Near Mint Holofoil,$70.00,Shipping: Included,$70.00,NO
Altaria ex - 253/182 - SV04: Paradox Rift (PAR),$45.00,1 Year Snapshot,$30.95,$99.95,1363,Izzis Gym SF,Near Mint Holofoil,$71.23,Free Shipping on Orders Over $50,$71.23,NO
Altaria ex - 253/182 - SV04: Paradox Rift (PAR),$45.00,1 Year Snapshot,$30.95,$99.95,1363,CaryCards,Near Mint Holofoil,$71.24,Free Shipping on Orders Over $50,$71.24,NO
Altaria ex - 253/182 - SV04: Paradox Rift (PAR),$45.00,1 Year Snapshot,$30.95,$99.95,1363,Finch and Sparrow,Near Mint Holofoil,$71.42,Free Shipping on Orders Over $50,$71.42,NO
Altaria ex - 253/182 - SV04: Paradox Rift (PAR),$45.00,1 Year Snapshot,$30.95,$99.95,1363,NikLBagCards,Near Mint Holofoil,$53.00,+ $19.99 Shipping,$72.99,NO
Altaria ex - 253/182 - SV04: Paradox Rift (PAR),$45.00,1 Year Snapshot,$30.95,$99.95,1363,Driftless CNG,Near Mint Holofoil,$73.29,Shipping: Included,$73.29,NO
Altaria ex - 253/182 - SV04: Paradox Rift (PAR),$45.00,1 Year Snapshot,$30.95,$99.95,1363,Elephant Fresh,Near Mint Holofoil,$74.99,Shipping: Included,$74.99,NO
Altaria ex - 253/182 - SV04: Paradox Rift (PAR),$45.00,1 Year Snapshot,$30.95,$99.95,1363,Pokimane Cards,Near Mint Holofoil,$74.99,Free Shipping on Orders Over $50,$74.99,NO
Altaria ex - 253/182 - SV04: Paradox Rift (PAR),$45.00,1 Year Snapshot,$30.95,$99.95,1363,Pioneer TCG,Near Mint Holofoil,$70.00,+ $5.00 Shipping,$75.00,NO
Altaria ex - 253/182 - SV04: Paradox Rift (PAR),$45.00,1 Year Snapshot,$30.95,$99.95,1363,Play Unplugged,Lightly Played Holofoil,$71.11,+ $4.99 Shipping,$76.10,NO
Altaria ex - 253/182 - SV04: Paradox Rift (PAR),$45.00,1 Year Snapshot,$30.95,$99.95,1363,Poke Products Galore,Near Mint Holofoil,$75.00,+ $1.99 Shipping,$76.99,NO
Articuno - 161/159 - SV09: Journey Together (JTG),$15.00,1 Year Snapshot,$9.76,$30.60,990,TwoPair Collectibles,Lightly Played Holofoil,$18.01,+ $0.99 Shipping,$19.00,NO
Articuno - 161/159 - SV09: Journey Together (JTG),$15.00,1 Year Snapshot,$9.76,$30.60,990,Snorlaxnation,Near Mint Holofoil,$17.99,+ $1.25 Shipping,$19.24,NO
Articuno - 161/159 - SV09: Journey Together (JTG),$15.00,1 Year Snapshot,$9.76,$30.60,990,InventoryKing,Lightly Played Holofoil,$19.33,Shipping: Included,$19.33,NO
Articuno - 161/159 - SV09: Journey Together (JTG),$15.00,1 Year Snapshot,$9.76,$30.60,990,jwcollectables1,Lightly Played Holofoil,$17.99,+ $1.49 Shipping,$19.48,NO
Articuno - 161/159 - SV09: Journey Together (JTG),$15.00,1 Year Snapshot,$9.76,$30.60,990,KAB Sports Cards,Lightly Played Holofoil,$19.50,Shipping: Included,$19.50,NO
Articuno - 161/159 - SV09: Journey Together (JTG),$15.00,1 Year Snapshot,$9.76,$30.60,990,Void Zone Gaming,Lightly Played Holofoil,$20.00,Shipping: Included,$20.00,NO
Articuno - 161/159 - SV09: Journey Together (JTG),$15.00,1 Year Snapshot,$9.76,$30.60,990,Cardatello,Lightly Played Holofoil,$20.18,Shipping: Included,$20.18,NO
Articuno - 161/159 - SV09: Journey Together (JTG),$15.00,1 Year Snapshot,$9.76,$30.60,990,SeaOfRage,Lightly Played Holofoil,$18.89,+ $1.31 Shipping,$20.20,NO
Articuno - 161/159 - SV09: Journey Together (JTG),$15.00,1 Year Snapshot,$9.76,$30.60,990,MTech Cave,Lightly Played Holofoil,$19.00,+ $1.29 Shipping,$20.29,NO
Articuno - 161/159 - SV09: Journey Together (JTG),$15.00,1 Year Snapshot,$9.76,$30.60,990,Steamship,Lightly Played Holofoil,$19.15,+ $1.19 Shipping,$20.34,NO
Articuno - 161/159 - SV09: Journey Together (JTG),$15.00,1 Year Snapshot,$9.76,$30.60,990,Cardboard Shuffle TN,Lightly Played Holofoil,$20.34,Shipping: Included,$20.34,NO
Articuno - 161/159 - SV09: Journey Together (JTG),$15.00,1 Year Snapshot,$9.76,$30.60,990,PokeTreasures Lair,Near Mint Holofoil,$18.40,+ $1.99 Shipping,$20.39,NO
Articuno - 161/159 - SV09: Journey Together (JTG),$15.00,1 Year Snapshot,$9.76,$30.60,990,Top Choice Gaming,Near Mint Holofoil,$20.39,Shipping: Included,$20.39,NO
Articuno - 161/159 - SV09: Journey Together (JTG),$15.00,1 Year Snapshot,$9.76,$30.60,990,Gamers N Geeks,Near Mint Holofoil,$20.40,Shipping: Included,$20.40,NO
Articuno - 161/159 - SV09: Journey Together (JTG),$15.00,1 Year Snapshot,$9.76,$30.60,990,AllCardsHere,Near Mint Holofoil,$20.40,Shipping: Included,$20.40,NO
Articuno - 161/159 - SV09: Journey Together (JTG),$15.00,1 Year Snapshot,$9.76,$30.60,990,Garage Breaks,Lightly Played Holofoil,$18.91,+ $1.49 Shipping,$20.40,NO
Articuno - 161/159 - SV09: Journey Together (JTG),$15.00,1 Year Snapshot,$9.76,$30.60,990,The Game Store AR,Lightly Played Holofoil,$18.96,+ $1.49 Shipping,$20.45,NO
Articuno - 161/159 - SV09: Journey Together (JTG),$15.00,1 Year Snapshot,$9.76,$30.60,990,Weeks of cards,Near Mint Holofoil,$18.88,+ $1.59 Shipping,$20.47,NO
Articuno - 161/159 - SV09: Journey Together (JTG),$15.00,1 Year Snapshot,$9.76,$30.60,990,CardNAll Middletown,Lightly Played Holofoil,$20.47,Free Shipping on Orders Over $50,$20.47,NO
Articuno - 161/159 - SV09: Journey Together (JTG),$15.00,1 Year Snapshot,$9.76,$30.60,990,Champions Trading Co,Near Mint Holofoil,$20.50,Shipping: Included,$20.50,NO
Articuno - 161/159 - SV09: Journey Together (JTG),$15.00,1 Year Snapshot,$9.76,$30.60,990,OverallsCollectibles,Near Mint Holofoil,$20.50,Shipping: Included,$20.50,NO
Articuno - 161/159 - SV09: Journey Together (JTG),$15.00,1 Year Snapshot,$9.76,$30.60,990,TreasureDogs,Near Mint Holofoil,$19.00,+ $1.50 Shipping,$20.50,NO
Articuno - 161/159 - SV09: Journey Together (JTG),$15.00,1 Year Snapshot,$9.76,$30.60,990,The Teachers Lounge,Near Mint Holofoil,$19.00,+ $1.65 Shipping,$20.65,NO
Articuno - 161/159 - SV09: Journey Together (JTG),$15.00,1 Year Snapshot,$9.76,$30.60,990,AttorneyPikachu,Near Mint Holofoil,$19.25,+ $1.40 Shipping,$20.65,NO
Articuno - 161/159 - SV09: Journey Together (JTG),$15.00,1 Year Snapshot,$9.76,$30.60,990,Tcg Play Buy Sell,Near Mint Holofoil,$20.74,Shipping: Included,$20.74,NO
Articuno - 161/159 - SV09: Journey Together (JTG),$15.00,1 Year Snapshot,$9.76,$30.60,990,HouseofCards Winston,Lightly Played Holofoil,$18.75,+ $2.00 Shipping,$20.75,NO
Articuno - 161/159 - SV09: Journey Together (JTG),$15.00,1 Year Snapshot,$9.76,$30.60,990,Faded Trading Cards,Near Mint Holofoil,$19.50,+ $1.31 Shipping,$20.81,NO
Articuno - 161/159 - SV09: Journey Together (JTG),$15.00,1 Year Snapshot,$9.76,$30.60,990,TwoBros and abox,Near Mint Holofoil,$19.26,+ $1.59 Shipping,$20.85,NO
Articuno - 161/159 - SV09: Journey Together (JTG),$15.00,1 Year Snapshot,$9.76,$30.60,990,Cardboard Castle,Lightly Played Holofoil,$20.85,Free Shipping on Orders Over $50,$20.85,NO
Articuno - 161/159 - SV09: Journey Together (JTG),$15.00,1 Year Snapshot,$9.76,$30.60,990,Rated E Gaming,Near Mint Holofoil,$20.89,Shipping: Included,$20.89,NO
Articuno - 161/159 - SV09: Journey Together (JTG),$15.00,1 Year Snapshot,$9.76,$30.60,990,Amazing Discoveries,Lightly Played Holofoil,$20.90,Free Shipping on Orders Over $50,$20.90,NO
Articuno - 161/159 - SV09: Journey Together (JTG),$15.00,1 Year Snapshot,$9.76,$30.60,990,SeaOfRage,Near Mint Holofoil,$19.59,+ $1.31 Shipping,$20.90,NO
Articuno - 161/159 - SV09: Journey Together (JTG),$15.00,1 Year Snapshot,$9.76,$30.60,990,ShoyoTCG,Near Mint Holofoil,$20.91,Shipping: Included,$20.91,NO
Articuno - 161/159 - SV09: Journey Together (JTG),$15.00,1 Year Snapshot,$9.76,$30.60,990,Nerds Next Store,Lightly Played Holofoil,$18.97,+ $1.99 Shipping,$20.96,NO
Articuno - 161/159 - SV09: Journey Together (JTG),$15.00,1 Year Snapshot,$9.76,$30.60,990,Lts cards,Near Mint Holofoil,$20.99,Shipping: Included,$20.99,NO
Articuno - 161/159 - SV09: Journey Together (JTG),$15.00,1 Year Snapshot,$9.76,$30.60,990,Tumany Collectibles,Near Mint Holofoil,$20.00,+ $0.99 Shipping,$20.99,NO
Articuno - 161/159 - SV09: Journey Together (JTG),$15.00,1 Year Snapshot,$9.76,$30.60,990,CHRONOFORGE,Near Mint Holofoil,$19.50,+ $1.49 Shipping,$20.99,NO
Articuno - 161/159 - SV09: Journey Together (JTG),$15.00,1 Year Snapshot,$9.76,$30.60,990,Poke Wonder,Near Mint Holofoil,$21.00,Shipping: Included,$21.00,NO
Articuno - 161/159 - SV09: Journey Together (JTG),$15.00,1 Year Snapshot,$9.76,$30.60,990,StvTCGCollects,Near Mint Holofoil,$20.02,+ $0.99 Shipping,$21.01,NO
Articuno - 161/159 - SV09: Journey Together (JTG),$15.00,1 Year Snapshot,$9.76,$30.60,990,Table 1,Near Mint Holofoil,$21.16,Shipping: Included,$21.16,NO
Articuno - 161/159 - SV09: Journey Together (JTG),$15.00,1 Year Snapshot,$9.76,$30.60,990,tyyra,Near Mint Holofoil,$19.67,+ $1.49 Shipping,$21.16,NO
Articuno - 161/159 - SV09: Journey Together (JTG),$15.00,1 Year Snapshot,$9.76,$30.60,990,ReTwisted Cards,Near Mint Holofoil,$19.85,+ $1.31 Shipping,$21.16,NO
Articuno - 161/159 - SV09: Journey Together (JTG),$15.00,1 Year Snapshot,$9.76,$30.60,990,GeekG,Near Mint Holofoil,$19.86,+ $1.30 Shipping,$21.16,NO
Articuno - 161/159 - SV09: Journey Together (JTG),$15.00,1 Year Snapshot,$9.76,$30.60,990,Pokestartcards,Near Mint Holofoil,$19.50,+ $1.67 Shipping,$21.17,NO
Articuno - 161/159 - SV09: Journey Together (JTG),$15.00,1 Year Snapshot,$9.76,$30.60,990,Flawless TCG,Near Mint Holofoil,$19.99,+ $1.22 Shipping,$21.21,NO
Articuno - 161/159 - SV09: Journey Together (JTG),$15.00,1 Year Snapshot,$9.76,$30.60,990,ClayCardsonIG,Near Mint Holofoil,$19.26,+ $1.99 Shipping,$21.25,NO
Articuno - 161/159 - SV09: Journey Together (JTG),$15.00,1 Year Snapshot,$9.76,$30.60,990,Pack Fresh Pirates,Near Mint Holofoil,$20.00,+ $1.27 Shipping,$21.27,NO
Articuno - 161/159 - SV09: Journey Together (JTG),$15.00,1 Year Snapshot,$9.76,$30.60,990,Grim Ripper Cards,Lightly Played Holofoil,$19.95,+ $1.34 Shipping,$21.29,NO
Articuno - 161/159 - SV09: Journey Together (JTG),$15.00,1 Year Snapshot,$9.76,$30.60,990,The Card Prospector,Near Mint Holofoil,$21.32,Shipping: Included,$21.32,NO
Articuno - 161/159 - SV09: Journey Together (JTG),$15.00,1 Year Snapshot,$9.76,$30.60,990,NNS TCG,Lightly Played Holofoil,$21.37,Shipping: Included,$21.37,NO
Articuno - 161/159 - SV09: Journey Together (JTG),$15.00,1 Year Snapshot,$9.76,$30.60,990,Exitspokeshop,Near Mint Holofoil,$21.39,Shipping: Included,$21.39,NO
Articuno - 161/159 - SV09: Journey Together (JTG),$15.00,1 Year Snapshot,$9.76,$30.60,990,KoroKoroTCG,Near Mint Holofoil,$21.41,Shipping: Included,$21.41,NO
Articuno - 161/159 - SV09: Journey Together (JTG),$15.00,1 Year Snapshot,$9.76,$30.60,990,MysterreeTCG,Near Mint Holofoil,$21.43,Shipping: Included,$21.43,NO
Articuno - 161/159 - SV09: Journey Together (JTG),$15.00,1 Year Snapshot,$9.76,$30.60,990,BeeHive Collective,Near Mint Holofoil,$19.99,+ $1.48 Shipping,$21.47,NO
Articuno - 161/159 - SV09: Journey Together (JTG),$15.00,1 Year Snapshot,$9.76,$30.60,990,Billastrofy,Near Mint Holofoil,$21.49,Shipping: Included,$21.49,NO
Articuno - 161/159 - SV09: Journey Together (JTG),$15.00,1 Year Snapshot,$9.76,$30.60,990,Hypercollectible,Lightly Played Holofoil,$19.90,+ $1.60 Shipping,$21.50,NO
Articuno - 161/159 - SV09: Journey Together (JTG),$15.00,1 Year Snapshot,$9.76,$30.60,990,Fires TCG store,Near Mint Holofoil,$21.50,Shipping: Included,$21.50,NO
Articuno - 161/159 - SV09: Journey Together (JTG),$15.00,1 Year Snapshot,$9.76,$30.60,990,CKShoals,Near Mint Holofoil,$19.55,+ $1.99 Shipping,$21.54,NO
Articuno - 161/159 - SV09: Journey Together (JTG),$15.00,1 Year Snapshot,$9.76,$30.60,990,Oaks Laboratory,Near Mint Holofoil,$20.31,+ $1.25 Shipping,$21.56,NO
Articuno - 161/159 - SV09: Journey Together (JTG),$15.00,1 Year Snapshot,$9.76,$30.60,990,OneNDunn Cards,Near Mint Holofoil,$21.57,Shipping: Included,$21.57,NO
Articuno - 161/159 - SV09: Journey Together (JTG),$15.00,1 Year Snapshot,$9.76,$30.60,990,The variety,Near Mint Holofoil,$21.63,Shipping: Included,$21.63,NO
Articuno - 161/159 - SV09: Journey Together (JTG),$15.00,1 Year Snapshot,$9.76,$30.60,990,RLA Video Games,Near Mint Holofoil,$19.65,+ $1.99 Shipping,$21.64,NO
Articuno - 161/159 - SV09: Journey Together (JTG),$15.00,1 Year Snapshot,$9.76,$30.60,990,PokeLoops,Near Mint Holofoil,$19.68,+ $1.99 Shipping,$21.67,NO
Articuno - 161/159 - SV09: Journey Together (JTG),$15.00,1 Year Snapshot,$9.76,$30.60,990,SayrevilleTCGshop,Near Mint Holofoil,$20.33,+ $1.35 Shipping,$21.68,NO
Articuno - 161/159 - SV09: Journey Together (JTG),$15.00,1 Year Snapshot,$9.76,$30.60,990,FirstLightTCG,Near Mint Holofoil,$21.68,Shipping: Included,$21.68,NO
Gardevoir ex - 245/198 - SV01: Scarlet & Violet Base Set (SVI),$50.00,1 Year Snapshot,$41.99,$109.08,357,iChooseYou,Lightly Played Holofoil,$64.63,Free Shipping on Orders Over $50,$64.63,NO
Gardevoir ex - 245/198 - SV01: Scarlet & Violet Base Set (SVI),$50.00,1 Year Snapshot,$41.99,$109.08,357,Foil Me Once,Lightly Played Holofoil,$64.63,Free Shipping on Orders Over $50,$64.63,NO
Gardevoir ex - 245/198 - SV01: Scarlet & Violet Base Set (SVI),$50.00,1 Year Snapshot,$41.99,$109.08,357,Tcgdistricts,Lightly Played Holofoil,$63.65,+ $0.99 Shipping,$64.64,NO
Gardevoir ex - 245/198 - SV01: Scarlet & Violet Base Set (SVI),$50.00,1 Year Snapshot,$41.99,$109.08,357,Gilded Dragon,Lightly Played Holofoil,$63.00,+ $1.99 Shipping,$64.99,NO
Gardevoir ex - 245/198 - SV01: Scarlet & Violet Base Set (SVI),$50.00,1 Year Snapshot,$41.99,$109.08,357,TheHiveHQ,Lightly Played Holofoil,$64.35,+ $0.99 Shipping,$65.34,NO
Gardevoir ex - 245/198 - SV01: Scarlet & Violet Base Set (SVI),$50.00,1 Year Snapshot,$41.99,$109.08,357,Crazy Brewing,Lightly Played Holofoil,$64.37,+ $0.99 Shipping,$65.36,NO
Gardevoir ex - 245/198 - SV01: Scarlet & Violet Base Set (SVI),$50.00,1 Year Snapshot,$41.99,$109.08,357,Modo Cards,Lightly Played Holofoil,$65.55,Shipping: Included,$65.55,NO
Gardevoir ex - 245/198 - SV01: Scarlet & Violet Base Set (SVI),$50.00,1 Year Snapshot,$41.99,$109.08,357,Coin & Card,Lightly Played Holofoil,$64.62,+ $1.49 Shipping,$66.11,NO
Gardevoir ex - 245/198 - SV01: Scarlet & Violet Base Set (SVI),$50.00,1 Year Snapshot,$41.99,$109.08,357,Games Explosion,Lightly Played Holofoil,$64.92,+ $1.25 Shipping,$66.17,NO
Gardevoir ex - 245/198 - SV01: Scarlet & Violet Base Set (SVI),$50.00,1 Year Snapshot,$41.99,$109.08,357,GC OnThe Stax,Lightly Played Holofoil,$64.35,+ $1.99 Shipping,$66.34,NO
Gardevoir ex - 245/198 - SV01: Scarlet & Violet Base Set (SVI),$50.00,1 Year Snapshot,$41.99,$109.08,357,Blade,Lightly Played Holofoil,$64.99,+ $1.99 Shipping,$66.98,NO
Gardevoir ex - 245/198 - SV01: Scarlet & Violet Base Set (SVI),$50.00,1 Year Snapshot,$41.99,$109.08,357,Godsarena,Lightly Played Holofoil,$67.49,Free Shipping on Orders Over $50,$67.49,NO
Gardevoir ex - 245/198 - SV01: Scarlet & Violet Base Set (SVI),$50.00,1 Year Snapshot,$41.99,$109.08,357,JandK Trading Cards,Lightly Played Holofoil,$64.26,+ $3.99 Shipping,$68.25,NO
Gardevoir ex - 245/198 - SV01: Scarlet & Violet Base Set (SVI),$50.00,1 Year Snapshot,$41.99,$109.08,357,Amazing Discoveries,Lightly Played Holofoil,$68.59,Free Shipping on Orders Over $50,$68.59,NO
Gardevoir ex - 245/198 - SV01: Scarlet & Violet Base Set (SVI),$50.00,1 Year Snapshot,$41.99,$109.08,357,Paradigm Games,Near Mint Holofoil,$68.66,Free Shipping on Orders Over $50,$68.66,NO
Gardevoir ex - 245/198 - SV01: Scarlet & Violet Base Set (SVI),$50.00,1 Year Snapshot,$41.99,$109.08,357,Cardboard Shuffle TN,Lightly Played Holofoil,$69.19,Shipping: Included,$69.19,NO
Gardevoir ex - 245/198 - SV01: Scarlet & Violet Base Set (SVI),$50.00,1 Year Snapshot,$41.99,$109.08,357,Game On Circleville,Near Mint Holofoil,$68.01,+ $1.25 Shipping,$69.26,NO
Gardevoir ex - 245/198 - SV01: Scarlet & Violet Base Set (SVI),$50.00,1 Year Snapshot,$41.99,$109.08,357,OneUpTCG Tuscaloosa,Lightly Played Holofoil,$69.36,Shipping: Included,$69.36,NO
Gardevoir ex - 245/198 - SV01: Scarlet & Violet Base Set (SVI),$50.00,1 Year Snapshot,$41.99,$109.08,357,Alternate Universes,Lightly Played Holofoil,$69.93,Free Shipping on Orders Over $50,$69.93,NO
Gardevoir ex - 245/198 - SV01: Scarlet & Violet Base Set (SVI),$50.00,1 Year Snapshot,$41.99,$109.08,357,Ninety Five,Lightly Played Holofoil,$69.95,Shipping: Included,$69.95,NO
Gardevoir ex - 245/198 - SV01: Scarlet & Violet Base Set (SVI),$50.00,1 Year Snapshot,$41.99,$109.08,357,Greentree SC,Lightly Played Holofoil,$69.99,Shipping: Included,$69.99,NO
Gardevoir ex - 245/198 - SV01: Scarlet & Violet Base Set (SVI),$50.00,1 Year Snapshot,$41.99,$109.08,357,PhantasmGaming,Near Mint Holofoil,$70.00,Shipping: Included,$70.00,NO
Gardevoir ex - 245/198 - SV01: Scarlet & Violet Base Set (SVI),$50.00,1 Year Snapshot,$41.99,$109.08,357,PaperGlaiveTCG,Lightly Played Holofoil,$70.01,Shipping: Included,$70.01,NO
Gardevoir ex - 245/198 - SV01: Scarlet & Violet Base Set (SVI),$50.00,1 Year Snapshot,$41.99,$109.08,357,Corre-Collectibles,Near Mint Holofoil,$69.16,+ $0.99 Shipping,$70.15,NO
Gardevoir ex - 245/198 - SV01: Scarlet & Violet Base Set (SVI),$50.00,1 Year Snapshot,$41.99,$109.08,357,The Dojo LR,Lightly Played Holofoil,$70.69,Shipping: Included,$70.69,NO
Gardevoir ex - 245/198 - SV01: Scarlet & Violet Base Set (SVI),$50.00,1 Year Snapshot,$41.99,$109.08,357,BreakpointLLC,Near Mint Holofoil,$71.67,Shipping: Included,$71.67,NO
Gardevoir ex - 245/198 - SV01: Scarlet & Violet Base Set (SVI),$50.00,1 Year Snapshot,$41.99,$109.08,357,Games and Cards,Lightly Played Holofoil,$70.75,+ $1.29 Shipping,$72.04,NO
Gardevoir ex - 245/198 - SV01: Scarlet & Violet Base Set (SVI),$50.00,1 Year Snapshot,$41.99,$109.08,357,Enchanted Gaming Emp,Near Mint Holofoil,$71.33,+ $0.99 Shipping,$72.32,NO
Gardevoir ex - 245/198 - SV01: Scarlet & Violet Base Set (SVI),$50.00,1 Year Snapshot,$41.99,$109.08,357,Galaxy Games LLC,Lightly Played Holofoil,$70.46,+ $1.99 Shipping,$72.45,NO
Gardevoir ex - 245/198 - SV01: Scarlet & Violet Base Set (SVI),$50.00,1 Year Snapshot,$41.99,$109.08,357,TheHiveHQ,Near Mint Holofoil,$71.67,+ $0.99 Shipping,$72.66,NO
Gardevoir ex - 245/198 - SV01: Scarlet & Violet Base Set (SVI),$50.00,1 Year Snapshot,$41.99,$109.08,357,PokemonGuru,Near Mint Holofoil,$71.80,+ $1.48 Shipping,$73.28,NO
Gardevoir ex - 245/198 - SV01: Scarlet & Violet Base Set (SVI),$50.00,1 Year Snapshot,$41.99,$109.08,357,TCG Teddy LLC,Near Mint Holofoil,$71.80,+ $1.49 Shipping,$73.29,NO
Gardevoir ex - 245/198 - SV01: Scarlet & Violet Base Set (SVI),$50.00,1 Year Snapshot,$41.99,$109.08,357,OneUpGamesCalhoun,Near Mint Holofoil,$71.33,+ $1.99 Shipping,$73.32,NO
Gardevoir ex - 245/198 - SV01: Scarlet & Violet Base Set (SVI),$50.00,1 Year Snapshot,$41.99,$109.08,357,ThreeGensCollecting,Near Mint Holofoil,$71.99,+ $1.49 Shipping,$73.48,NO
Gardevoir ex - 245/198 - SV01: Scarlet & Violet Base Set (SVI),$50.00,1 Year Snapshot,$41.99,$109.08,357,CertifiedTCG,Near Mint Holofoil,$72.33,+ $1.31 Shipping,$73.64,NO
Gardevoir ex - 245/198 - SV01: Scarlet & Violet Base Set (SVI),$50.00,1 Year Snapshot,$41.99,$109.08,357,CKShoals,Near Mint Holofoil,$71.69,+ $1.99 Shipping,$73.68,NO
Gardevoir ex - 245/198 - SV01: Scarlet & Violet Base Set (SVI),$50.00,1 Year Snapshot,$41.99,$109.08,357,TripleDiamondFargo,Near Mint Holofoil,$72.00,+ $1.95 Shipping,$73.95,NO
Gardevoir ex - 245/198 - SV01: Scarlet & Violet Base Set (SVI),$50.00,1 Year Snapshot,$41.99,$109.08,357,JoedaddyCards,Near Mint Holofoil,$72.00,+ $1.99 Shipping,$73.99,NO
Gardevoir ex - 245/198 - SV01: Scarlet & Violet Base Set (SVI),$50.00,1 Year Snapshot,$41.99,$109.08,357,WhitePaw TCG,Near Mint Holofoil,$74.00,Shipping: Included,$74.00,NO
Gardevoir ex - 245/198 - SV01: Scarlet & Violet Base Set (SVI),$50.00,1 Year Snapshot,$41.99,$109.08,357,CollectableCafe,Near Mint Holofoil,$71.33,+ $2.75 Shipping,$74.08,NO
Gardevoir ex - 245/198 - SV01: Scarlet & Violet Base Set (SVI),$50.00,1 Year Snapshot,$41.99,$109.08,357,Champion City Hobby,Lightly Played Holofoil,$72.63,+ $1.49 Shipping,$74.12,NO
Gardevoir ex - 245/198 - SV01: Scarlet & Violet Base Set (SVI),$50.00,1 Year Snapshot,$41.99,$109.08,357,OG Breakz TCG plus,Near Mint Holofoil,$71.94,+ $2.49 Shipping,$74.43,NO
Gardevoir ex - 245/198 - SV01: Scarlet & Violet Base Set (SVI),$50.00,1 Year Snapshot,$41.99,$109.08,357,Untapped Games,Lightly Played Holofoil,$72.89,+ $1.64 Shipping,$74.53,NO
Gardevoir ex - 245/198 - SV01: Scarlet & Violet Base Set (SVI),$50.00,1 Year Snapshot,$41.99,$109.08,357,Spellbound CCG,Near Mint Holofoil,$71.59,+ $2.99 Shipping,$74.58,NO
Gardevoir ex - 245/198 - SV01: Scarlet & Violet Base Set (SVI),$50.00,1 Year Snapshot,$41.99,$109.08,357,Electric City Cards,Near Mint Holofoil,$69.99,+ $4.99 Shipping,$74.98,NO
Gardevoir ex - 245/198 - SV01: Scarlet & Violet Base Set (SVI),$50.00,1 Year Snapshot,$41.99,$109.08,357,Level Up Cards LLC,Near Mint Holofoil,$74.99,Shipping: Included,$74.99,NO
Gardevoir ex - 245/198 - SV01: Scarlet & Violet Base Set (SVI),$50.00,1 Year Snapshot,$41.99,$109.08,357,The Attic TCG,Near Mint Holofoil,$73.00,+ $1.99 Shipping,$74.99,NO
Gardevoir ex - 245/198 - SV01: Scarlet & Violet Base Set (SVI),$50.00,1 Year Snapshot,$41.99,$109.08,357,Raider61 Cards,Near Mint Holofoil,$75.00,Shipping: Included,$75.00,NO
Gardevoir ex - 245/198 - SV01: Scarlet & Violet Base Set (SVI),$50.00,1 Year Snapshot,$41.99,$109.08,357,Scarshox Games,Near Mint Holofoil,$75.00,Shipping: Included,$75.00,NO
Gardevoir ex - 245/198 - SV01: Scarlet & Violet Base Set (SVI),$50.00,1 Year Snapshot,$41.99,$109.08,357,TCGDanzig,Near Mint Holofoil,$73.33,+ $1.69 Shipping,$75.02,NO
Gardevoir ex - 245/198 - SV01: Scarlet & Violet Base Set (SVI),$50.00,1 Year Snapshot,$41.99,$109.08,357,SellingTradingCards,Near Mint Holofoil,$75.20,Shipping: Included,$75.20,NO
Gardevoir ex - 245/198 - SV01: Scarlet & Violet Base Set (SVI),$50.00,1 Year Snapshot,$41.99,$109.08,357,CardNAll Middletown,Near Mint Holofoil,$75.50,Free Shipping on Orders Over $50,$75.50,NO
Gardevoir ex - 245/198 - SV01: Scarlet & Violet Base Set (SVI),$50.00,1 Year Snapshot,$41.99,$109.08,357,Two Tails TCG,Near Mint Holofoil,$76.08,Shipping: Included,$76.08,NO
Gardevoir ex - 245/198 - SV01: Scarlet & Violet Base Set (SVI),$50.00,1 Year Snapshot,$41.99,$109.08,357,Brudders TCG,Near Mint Holofoil,$76.11,Free Shipping on Orders Over $50,$76.11,NO
Gardevoir ex - 245/198 - SV01: Scarlet & Violet Base Set (SVI),$50.00,1 Year Snapshot,$41.99,$109.08,357,Galaxy Games LLC,Near Mint Holofoil,$74.15,+ $1.99 Shipping,$76.14,NO
Kirlia - 084/078 - SV1S: Scarlet ex (SV1S),$14.00,1 Year Snapshot,$5.89,$25.00,443,Mei Cards,Near Mint Holofoil - Japanese,$14.45,Shipping: Included,$14.45,NO
Kirlia - 084/078 - SV1S: Scarlet ex (SV1S),$14.00,1 Year Snapshot,$5.89,$25.00,443,PTCGplayer,Near Mint Holofoil - Japanese,$15.92,Shipping: Included,$15.92,NO
Kirlia - 084/078 - SV1S: Scarlet ex (SV1S),$14.00,1 Year Snapshot,$5.89,$25.00,443,KingBear Co,Near Mint Holofoil - Japanese,$15.93,Shipping: Included,$15.93,NO
Kirlia - 084/078 - SV1S: Scarlet ex (SV1S),$14.00,1 Year Snapshot,$5.89,$25.00,443,Mei Cards,Near Mint Holofoil - Japanese,$15.95,Shipping: Included,$15.95,NO
Kirlia - 084/078 - SV1S: Scarlet ex (SV1S),$14.00,1 Year Snapshot,$5.89,$25.00,443,alrismon,Near Mint Holofoil - Japanese,$15.99,Shipping: Included,$15.99,NO
Kirlia - 084/078 - SV1S: Scarlet ex (SV1S),$14.00,1 Year Snapshot,$5.89,$25.00,443,Horsea Lover,Lightly Played Holofoil - Japanese,$15.00,+ $1.30 Shipping,$16.30,NO
Kirlia - 084/078 - SV1S: Scarlet ex (SV1S),$14.00,1 Year Snapshot,$5.89,$25.00,443,Cai Cards,Near Mint Holofoil - Japanese,$16.47,Shipping: Included,$16.47,NO
Kirlia - 084/078 - SV1S: Scarlet ex (SV1S),$14.00,1 Year Snapshot,$5.89,$25.00,443,MonMart Studio,Near Mint Holofoil - Japanese,$16.47,Shipping: Included,$16.47,NO
Kirlia - 084/078 - SV1S: Scarlet ex (SV1S),$14.00,1 Year Snapshot,$5.89,$25.00,443,Ditto Studio TCG,Near Mint Holofoil - Japanese,$16.48,Shipping: Included,$16.48,NO
Kirlia - 084/078 - SV1S: Scarlet ex (SV1S),$14.00,1 Year Snapshot,$5.89,$25.00,443,Packsmashers,Near Mint Holofoil - Japanese,$16.98,Shipping: Included,$16.98,NO
Kirlia - 084/078 - SV1S: Scarlet ex (SV1S),$14.00,1 Year Snapshot,$5.89,$25.00,443,Underground Games,Near Mint Holofoil - Japanese,$16.99,Shipping: Included,$16.99,NO
Kirlia - 084/078 - SV1S: Scarlet ex (SV1S),$14.00,1 Year Snapshot,$5.89,$25.00,443,PorterSinglesMTG,Near Mint Holofoil - Japanese,$17.00,Shipping: Included,$17.00,NO
Kirlia - 084/078 - SV1S: Scarlet ex (SV1S),$14.00,1 Year Snapshot,$5.89,$25.00,443,Isaacson,Near Mint Holofoil - Japanese,$17.40,Shipping: Included,$17.40,NO
Kirlia - 084/078 - SV1S: Scarlet ex (SV1S),$14.00,1 Year Snapshot,$5.89,$25.00,443,KidKlein Gaming,Near Mint Holofoil - Japanese,$17.55,Shipping: Included,$17.55,NO
Kirlia - 084/078 - SV1S: Scarlet ex (SV1S),$14.00,1 Year Snapshot,$5.89,$25.00,443,Umbreons Cavern,Near Mint Holofoil - Japanese,$16.25,+ $1.31 Shipping,$17.56,NO
Kirlia - 084/078 - SV1S: Scarlet ex (SV1S),$14.00,1 Year Snapshot,$5.89,$25.00,443,PokemartCollectibles,Near Mint Holofoil - Japanese,$16.60,+ $1.31 Shipping,$17.91,NO
Kirlia - 084/078 - SV1S: Scarlet ex (SV1S),$14.00,1 Year Snapshot,$5.89,$25.00,443,InfiniteCardsLLC,Near Mint Holofoil - Japanese,$18.17,Shipping: Included,$18.17,NO
Kirlia - 084/078 - SV1S: Scarlet ex (SV1S),$14.00,1 Year Snapshot,$5.89,$25.00,443,Hawkeye710,Near Mint Holofoil - Japanese,$16.74,+ $1.49 Shipping,$18.23,NO
Kirlia - 084/078 - SV1S: Scarlet ex (SV1S),$14.00,1 Year Snapshot,$5.89,$25.00,443,DTs Kool Kards,Near Mint Holofoil - Japanese,$18.26,Shipping: Included,$18.26,NO
Kirlia - 084/078 - SV1S: Scarlet ex (SV1S),$14.00,1 Year Snapshot,$5.89,$25.00,443,Card Trooper LLC,Near Mint Holofoil - Japanese,$18.46,Shipping: Included,$18.46,NO
Kirlia - 084/078 - SV1S: Scarlet ex (SV1S),$14.00,1 Year Snapshot,$5.89,$25.00,443,Pauls Gamerzone,Near Mint Holofoil - Japanese,$18.48,Shipping: Included,$18.48,NO
Kirlia - 084/078 - SV1S: Scarlet ex (SV1S),$14.00,1 Year Snapshot,$5.89,$25.00,443,MLPoke Cards,Near Mint Holofoil - Japanese,$18.48,Shipping: Included,$18.48,NO
Kirlia - 084/078 - SV1S: Scarlet ex (SV1S),$14.00,1 Year Snapshot,$5.89,$25.00,443,Tab Collects,Near Mint Holofoil - Japanese,$18.50,Shipping: Included,$18.50,NO
Kirlia - 084/078 - SV1S: Scarlet ex (SV1S),$14.00,1 Year Snapshot,$5.89,$25.00,443,Highlands City Gym,Near Mint Holofoil - Japanese,$18.52,Shipping: Included,$18.52,NO
Kirlia - 084/078 - SV1S: Scarlet ex (SV1S),$14.00,1 Year Snapshot,$5.89,$25.00,443,Unity Collectibles,Near Mint Holofoil - Japanese,$16.74,+ $1.99 Shipping,$18.73,NO
Kirlia - 084/078 - SV1S: Scarlet ex (SV1S),$14.00,1 Year Snapshot,$5.89,$25.00,443,CaryCards,Near Mint Holofoil - Japanese,$18.74,Shipping: Included,$18.74,NO
Kirlia - 084/078 - SV1S: Scarlet ex (SV1S),$14.00,1 Year Snapshot,$5.89,$25.00,443,Super Games Inc PRO,Near Mint Holofoil - Japanese,$18.77,Shipping: Included,$18.77,NO
Kirlia - 084/078 - SV1S: Scarlet ex (SV1S),$14.00,1 Year Snapshot,$5.89,$25.00,443,Finch and Sparrow,Near Mint Holofoil - Japanese,$18.95,Shipping: Included,$18.95,NO
Kirlia - 084/078 - SV1S: Scarlet ex (SV1S),$14.00,1 Year Snapshot,$5.89,$25.00,443,LNS Pokies,Near Mint Holofoil - Japanese,$18.99,Shipping: Included,$18.99,NO
Kirlia - 084/078 - SV1S: Scarlet ex (SV1S),$14.00,1 Year Snapshot,$5.89,$25.00,443,FirstDueCards,Near Mint Holofoil - Japanese,$17.76,+ $1.49 Shipping,$19.25,NO
Kirlia - 084/078 - SV1S: Scarlet ex (SV1S),$14.00,1 Year Snapshot,$5.89,$25.00,443,PokeGrailz26,Near Mint Holofoil - Japanese,$17.99,+ $1.31 Shipping,$19.30,NO
Kirlia - 084/078 - SV1S: Scarlet ex (SV1S),$14.00,1 Year Snapshot,$5.89,$25.00,443,OvertheTopGamesLLC,Near Mint Holofoil - Japanese,$16.88,+ $2.50 Shipping,$19.38,NO
Kirlia - 084/078 - SV1S: Scarlet ex (SV1S),$14.00,1 Year Snapshot,$5.89,$25.00,443,Vemoine,Near Mint Holofoil - Japanese,$17.90,+ $1.49 Shipping,$19.39,NO
Kirlia - 084/078 - SV1S: Scarlet ex (SV1S),$14.00,1 Year Snapshot,$5.89,$25.00,443,302tcg,Near Mint Holofoil - Japanese,$18.02,+ $1.50 Shipping,$19.52,NO
Kirlia - 084/078 - SV1S: Scarlet ex (SV1S),$14.00,1 Year Snapshot,$5.89,$25.00,443,Bug Catcher Bryce,Near Mint Holofoil - Japanese,$19.92,Shipping: Included,$19.92,NO
Kirlia - 084/078 - SV1S: Scarlet ex (SV1S),$14.00,1 Year Snapshot,$5.89,$25.00,443,CKShoals,Near Mint Holofoil - Japanese,$18.50,+ $1.99 Shipping,$20.49,NO
Kirlia - 084/078 - SV1S: Scarlet ex (SV1S),$14.00,1 Year Snapshot,$5.89,$25.00,443,JandK Trading Cards,Near Mint Holofoil - Japanese,$16.84,+ $3.99 Shipping,$20.83,NO
Kirlia - 084/078 - SV1S: Scarlet ex (SV1S),$14.00,1 Year Snapshot,$5.89,$25.00,443,Moonblastgames,Lightly Played Holofoil - Japanese,$17.49,+ $3.49 Shipping,$20.98,NO
Kirlia - 084/078 - SV1S: Scarlet ex (SV1S),$14.00,1 Year Snapshot,$5.89,$25.00,443,ElitePokeTcg,Near Mint Holofoil - Japanese,$20.00,+ $0.99 Shipping,$20.99,NO
Kirlia - 084/078 - SV1S: Scarlet ex (SV1S),$14.00,1 Year Snapshot,$5.89,$25.00,443,Chilly Pillow Cards,Near Mint Holofoil - Japanese,$19.00,+ $2.50 Shipping,$21.50,NO
Ralts - 083/078 - SV1S: Scarlet ex (SV1S),$10.00,1 Year Snapshot,$8.00,$18.00,464,Ditto Studio TCG,Lightly Played Holofoil - Japanese,$13.97,Shipping: Included,$13.97,NO
Ralts - 083/078 - SV1S: Scarlet ex (SV1S),$10.00,1 Year Snapshot,$8.00,$18.00,464,Wonder Pick Cards,Near Mint Holofoil - Japanese,$13.97,Shipping: Included,$13.97,NO
Ralts - 083/078 - SV1S: Scarlet ex (SV1S),$10.00,1 Year Snapshot,$8.00,$18.00,464,Blue Black Control,Lightly Played Holofoil - Japanese,$13.97,Shipping: Included,$13.97,NO
Ralts - 083/078 - SV1S: Scarlet ex (SV1S),$10.00,1 Year Snapshot,$8.00,$18.00,464,alrismon,Near Mint Holofoil - Japanese,$13.97,Shipping: Included,$13.97,NO
Ralts - 083/078 - SV1S: Scarlet ex (SV1S),$10.00,1 Year Snapshot,$8.00,$18.00,464,Ditto Studio TCG,Near Mint Holofoil - Japanese,$13.98,Shipping: Included,$13.98,NO
Ralts - 083/078 - SV1S: Scarlet ex (SV1S),$10.00,1 Year Snapshot,$8.00,$18.00,464,Cai Cards,Lightly Played Holofoil - Japanese,$14.95,Shipping: Included,$14.95,NO
Ralts - 083/078 - SV1S: Scarlet ex (SV1S),$10.00,1 Year Snapshot,$8.00,$18.00,464,Mei Cards,Near Mint Holofoil - Japanese,$14.95,Shipping: Included,$14.95,NO
Ralts - 083/078 - SV1S: Scarlet ex (SV1S),$10.00,1 Year Snapshot,$8.00,$18.00,464,Underground Games,Near Mint Holofoil - Japanese,$14.99,Shipping: Included,$14.99,NO
Ralts - 083/078 - SV1S: Scarlet ex (SV1S),$10.00,1 Year Snapshot,$8.00,$18.00,464,PorterSinglesMTG,Near Mint Holofoil - Japanese,$15.00,Shipping: Included,$15.00,NO
Ralts - 083/078 - SV1S: Scarlet ex (SV1S),$10.00,1 Year Snapshot,$8.00,$18.00,464,Tab Collects,Near Mint Holofoil - Japanese,$15.25,Shipping: Included,$15.25,NO
Ralts - 083/078 - SV1S: Scarlet ex (SV1S),$10.00,1 Year Snapshot,$8.00,$18.00,464,CardzHit,Near Mint Holofoil - Japanese,$14.00,+ $1.25 Shipping,$15.25,NO
Ralts - 083/078 - SV1S: Scarlet ex (SV1S),$10.00,1 Year Snapshot,$8.00,$18.00,464,Poke Plug LLC,Lightly Played Holofoil - Japanese,$13.96,+ $1.31 Shipping,$15.27,NO
Ralts - 083/078 - SV1S: Scarlet ex (SV1S),$10.00,1 Year Snapshot,$8.00,$18.00,464,PokemartCollectibles,Near Mint Holofoil - Japanese,$14.20,+ $1.31 Shipping,$15.51,NO
Ralts - 083/078 - SV1S: Scarlet ex (SV1S),$10.00,1 Year Snapshot,$8.00,$18.00,464,MonMart Studio,Near Mint Holofoil - Japanese,$15.66,Shipping: Included,$15.66,NO
Ralts - 083/078 - SV1S: Scarlet ex (SV1S),$10.00,1 Year Snapshot,$8.00,$18.00,464,MintMagician,Near Mint Holofoil - Japanese,$14.52,+ $1.19 Shipping,$15.71,NO
Ralts - 083/078 - SV1S: Scarlet ex (SV1S),$10.00,1 Year Snapshot,$8.00,$18.00,464,Aurion Collections,Near Mint Holofoil - Japanese,$15.86,Shipping: Included,$15.86,NO
Ralts - 083/078 - SV1S: Scarlet ex (SV1S),$10.00,1 Year Snapshot,$8.00,$18.00,464,KidKlein Gaming,Near Mint Holofoil - Japanese,$15.86,Shipping: Included,$15.86,NO
Ralts - 083/078 - SV1S: Scarlet ex (SV1S),$10.00,1 Year Snapshot,$8.00,$18.00,464,East Bay Trader,Near Mint Holofoil - Japanese,$15.99,Shipping: Included,$15.99,NO
Ralts - 083/078 - SV1S: Scarlet ex (SV1S),$10.00,1 Year Snapshot,$8.00,$18.00,464,Finch and Sparrow,Near Mint Holofoil - Japanese,$16.33,Shipping: Included,$16.33,NO
Ralts - 083/078 - SV1S: Scarlet ex (SV1S),$10.00,1 Year Snapshot,$8.00,$18.00,464,Unity Collectibles,Near Mint Holofoil - Japanese,$14.35,+ $1.99 Shipping,$16.34,NO
Ralts - 083/078 - SV1S: Scarlet ex (SV1S),$10.00,1 Year Snapshot,$8.00,$18.00,464,Hawt Singles,Near Mint Holofoil - Japanese,$14.45,+ $1.99 Shipping,$16.44,NO
Ralts - 083/078 - SV1S: Scarlet ex (SV1S),$10.00,1 Year Snapshot,$8.00,$18.00,464,Court Jester TCG,Near Mint Holofoil - Japanese,$16.76,Shipping: Included,$16.76,NO
Ralts - 083/078 - SV1S: Scarlet ex (SV1S),$10.00,1 Year Snapshot,$8.00,$18.00,464,OvertheTopGamesLLC,Near Mint Holofoil - Japanese,$14.51,+ $2.50 Shipping,$17.01,NO
Ralts - 083/078 - SV1S: Scarlet ex (SV1S),$10.00,1 Year Snapshot,$8.00,$18.00,464,Bug Catcher Bryce,Near Mint Holofoil - Japanese,$17.04,Shipping: Included,$17.04,NO
Ralts - 083/078 - SV1S: Scarlet ex (SV1S),$10.00,1 Year Snapshot,$8.00,$18.00,464,The Nerd Place,Near Mint Holofoil - Japanese,$16.01,+ $1.27 Shipping,$17.28,NO
Ralts - 083/078 - SV1S: Scarlet ex (SV1S),$10.00,1 Year Snapshot,$8.00,$18.00,464,Horsea Lover,Near Mint Holofoil - Japanese,$16.00,+ $1.30 Shipping,$17.30,NO
Ralts - 083/078 - SV1S: Scarlet ex (SV1S),$10.00,1 Year Snapshot,$8.00,$18.00,464,PlayandTalk GP,Near Mint Holofoil - Japanese,$16.33,+ $0.99 Shipping,$17.32,NO
Ralts - 083/078 - SV1S: Scarlet ex (SV1S),$10.00,1 Year Snapshot,$8.00,$18.00,464,PTCGvlogs,Near Mint Holofoil - Japanese,$17.36,Shipping: Included,$17.36,NO
Ralts - 083/078 - SV1S: Scarlet ex (SV1S),$10.00,1 Year Snapshot,$8.00,$18.00,464,PokeSurfTCG,Near Mint Holofoil - Japanese,$16.18,+ $1.31 Shipping,$17.49,NO
Ralts - 083/078 - SV1S: Scarlet ex (SV1S),$10.00,1 Year Snapshot,$8.00,$18.00,464,EB-TCG,Near Mint Holofoil - Japanese,$17.49,+ $1.49 Shipping,$18.98,NO
Ralts - 083/078 - SV1S: Scarlet ex (SV1S),$10.00,1 Year Snapshot,$8.00,$18.00,464,CKShoals,Near Mint Holofoil - Japanese,$17.27,+ $1.99 Shipping,$19.26,NO
Ralts - 083/078 - SV1S: Scarlet ex (SV1S),$10.00,1 Year Snapshot,$8.00,$18.00,464,Mulligan Gaming LLC,Near Mint Holofoil - Japanese,$15.00,+ $5.30 Shipping,$20.30,NO
Ralts - 083/078 - SV1S: Scarlet ex (SV1S),$10.00,1 Year Snapshot,$8.00,$18.00,464,Pajoule,Near Mint Holofoil - Japanese,$20.00,+ $1.49 Shipping,$21.49,NO
Ralts - 083/078 - SV1S: Scarlet ex (SV1S),$10.00,1 Year Snapshot,$8.00,$18.00,464,Hangry Cards,Near Mint Holofoil - Japanese,$17.00,+ $19.99 Shipping,$36.99,NO
Ralts - 083/078 - SV1S: Scarlet ex (SV1S),$10.00,1 Year Snapshot,$8.00,$18.00,464,GEtcg,Near Mint Holofoil - Japanese,$90.00,+ $1.99 Shipping,$91.99,NO
Serperior ex - 164/086 - SV: Black Bolt (BLK),$40.00,1 Year Snapshot,$27.99,$89.99,706,Skilled Games,Near Mint Holofoil,$44.75,Shipping: Included,$44.75,NO
Serperior ex - 164/086 - SV: Black Bolt (BLK),$40.00,1 Year Snapshot,$27.99,$89.99,706,Daves Sports Cards,Near Mint Holofoil,$45.98,Shipping: Included,$45.98,NO
Serperior ex - 164/086 - SV: Black Bolt (BLK),$40.00,1 Year Snapshot,$27.99,$89.99,706,JHarris games,Near Mint Holofoil,$45.99,Shipping: Included,$45.99,NO
Serperior ex - 164/086 - SV: Black Bolt (BLK),$40.00,1 Year Snapshot,$27.99,$89.99,706,BeeHive Collective,Near Mint Holofoil,$44.99,+ $1.48 Shipping,$46.47,NO
Serperior ex - 164/086 - SV: Black Bolt (BLK),$40.00,1 Year Snapshot,$27.99,$89.99,706,LightxCards,Near Mint Holofoil,$44.50,+ $1.99 Shipping,$46.49,NO
Serperior ex - 164/086 - SV: Black Bolt (BLK),$40.00,1 Year Snapshot,$27.99,$89.99,706,BatesvilleTCG,Lightly Played Holofoil,$47.00,Shipping: Included,$47.00,NO
Serperior ex - 164/086 - SV: Black Bolt (BLK),$40.00,1 Year Snapshot,$27.99,$89.99,706,Amazing Discoveries,Lightly Played Holofoil,$47.34,Shipping: Included,$47.34,NO
Serperior ex - 164/086 - SV: Black Bolt (BLK),$40.00,1 Year Snapshot,$27.99,$89.99,706,TNTpoke TwoGo,Near Mint Holofoil,$48.00,Shipping: Included,$48.00,NO
Serperior ex - 164/086 - SV: Black Bolt (BLK),$40.00,1 Year Snapshot,$27.99,$89.99,706,NewGuyz Cards,Near Mint Holofoil,$46.54,+ $2.00 Shipping,$48.54,NO
Serperior ex - 164/086 - SV: Black Bolt (BLK),$40.00,1 Year Snapshot,$27.99,$89.99,706,Miracle Terminus,Near Mint Holofoil,$48.99,Shipping: Included,$48.99,NO
Serperior ex - 164/086 - SV: Black Bolt (BLK),$40.00,1 Year Snapshot,$27.99,$89.99,706,Nym's Collectables,Near Mint Holofoil,$49.23,Shipping: Included,$49.23,NO
Serperior ex - 164/086 - SV: Black Bolt (BLK),$40.00,1 Year Snapshot,$27.99,$89.99,706,The Coin Toss,Near Mint Holofoil,$42.99,+ $6.25 Shipping,$49.24,NO
Serperior ex - 164/086 - SV: Black Bolt (BLK),$40.00,1 Year Snapshot,$27.99,$89.99,706,NessieTCG,Near Mint Holofoil,$48.49,+ $1.31 Shipping,$49.80,NO
Serperior ex - 164/086 - SV: Black Bolt (BLK),$40.00,1 Year Snapshot,$27.99,$89.99,706,Hypercollectible,Near Mint Holofoil,$48.29,+ $1.60 Shipping,$49.89,NO
Serperior ex - 164/086 - SV: Black Bolt (BLK),$40.00,1 Year Snapshot,$27.99,$89.99,706,SellingTradingCards,Near Mint Holofoil,$50.15,Shipping: Included,$50.15,NO
Serperior ex - 164/086 - SV: Black Bolt (BLK),$40.00,1 Year Snapshot,$27.99,$89.99,706,SJCACollector,Near Mint Holofoil,$44.00,+ $6.25 Shipping,$50.25,NO
Serperior ex - 164/086 - SV: Black Bolt (BLK),$40.00,1 Year Snapshot,$27.99,$89.99,706,Trading Post Store,Near Mint Holofoil,$44.36,+ $5.99 Shipping,$50.35,NO
Serperior ex - 164/086 - SV: Black Bolt (BLK),$40.00,1 Year Snapshot,$27.99,$89.99,706,The Vault MKE,Near Mint Holofoil,$50.58,Shipping: Included,$50.58,NO
Serperior ex - 164/086 - SV: Black Bolt (BLK),$40.00,1 Year Snapshot,$27.99,$89.99,706,CKShoals,Near Mint Holofoil,$48.67,+ $1.99 Shipping,$50.66,NO
Serperior ex - 164/086 - SV: Black Bolt (BLK),$40.00,1 Year Snapshot,$27.99,$89.99,706,Pink Bunny Games,Near Mint Holofoil,$49.99,+ $0.99 Shipping,$50.98,NO
Serperior ex - 164/086 - SV: Black Bolt (BLK),$40.00,1 Year Snapshot,$27.99,$89.99,706,Court Jester TCG,Near Mint Holofoil,$51.28,Shipping: Included,$51.28,NO
Serperior ex - 164/086 - SV: Black Bolt (BLK),$40.00,1 Year Snapshot,$27.99,$89.99,706,The Sand Man TCG,Near Mint Holofoil,$51.46,Shipping: Included,$51.46,NO
Serperior ex - 164/086 - SV: Black Bolt (BLK),$40.00,1 Year Snapshot,$27.99,$89.99,706,Golden J,Near Mint Holofoil,$51.85,Shipping: Included,$51.85,NO
Serperior ex - 164/086 - SV: Black Bolt (BLK),$40.00,1 Year Snapshot,$27.99,$89.99,706,Sleeved & Sorted,Near Mint Holofoil,$52.58,Shipping: Included,$52.58,NO
Serperior ex - 164/086 - SV: Black Bolt (BLK),$40.00,1 Year Snapshot,$27.99,$89.99,706,Pokelovermama,Near Mint Holofoil,$46.98,+ $5.99 Shipping,$52.97,NO
Serperior ex - 164/086 - SV: Black Bolt (BLK),$40.00,1 Year Snapshot,$27.99,$89.99,706,Hometown Gaming,Near Mint Holofoil,$53.55,Shipping: Included,$53.55,NO
Serperior ex - 164/086 - SV: Black Bolt (BLK),$40.00,1 Year Snapshot,$27.99,$89.99,706,ClaysBulkUp,Near Mint Holofoil,$53.70,Shipping: Included,$53.70,NO
Serperior ex - 164/086 - SV: Black Bolt (BLK),$40.00,1 Year Snapshot,$27.99,$89.99,706,Darkwater Games,Near Mint Holofoil,$53.70,Shipping: Included,$53.70,NO
Serperior ex - 164/086 - SV: Black Bolt (BLK),$40.00,1 Year Snapshot,$27.99,$89.99,706,Downtown Dice,Lightly Played Holofoil,$54.13,Shipping: Included,$54.13,NO
Serperior ex - 164/086 - SV: Black Bolt (BLK),$40.00,1 Year Snapshot,$27.99,$89.99,706,BTB Games,Near Mint Holofoil,$49.67,+ $4.99 Shipping,$54.66,NO
Serperior ex - 164/086 - SV: Black Bolt (BLK),$40.00,1 Year Snapshot,$27.99,$89.99,706,PlayandTalk F,Near Mint Holofoil,$53.70,+ $0.99 Shipping,$54.69,NO
Serperior ex - 164/086 - SV: Black Bolt (BLK),$40.00,1 Year Snapshot,$27.99,$89.99,706,Daydream Rendering,Near Mint Holofoil,$55.00,Shipping: Included,$55.00,NO
Serperior ex - 164/086 - SV: Black Bolt (BLK),$40.00,1 Year Snapshot,$27.99,$89.99,706,Apeth Games,Near Mint Holofoil,$55.00,Shipping: Included,$55.00,NO
Serperior ex - 164/086 - SV: Black Bolt (BLK),$40.00,1 Year Snapshot,$27.99,$89.99,706,Chrono & Cosmo,Near Mint Holofoil,$55.18,Shipping: Included,$55.18,NO
Serperior ex - 164/086 - SV: Black Bolt (BLK),$40.00,1 Year Snapshot,$27.99,$89.99,706,PlayandTalk F,Lightly Played Holofoil,$54.20,+ $0.99 Shipping,$55.19,NO
Serperior ex - 164/086 - SV: Black Bolt (BLK),$40.00,1 Year Snapshot,$27.99,$89.99,706,PlayandTalk GP,Lightly Played Holofoil,$54.20,+ $0.99 Shipping,$55.19,NO
Serperior ex - 164/086 - SV: Black Bolt (BLK),$40.00,1 Year Snapshot,$27.99,$89.99,706,HotsauceGames,Near Mint Holofoil,$55.24,Shipping: Included,$55.24,NO
Serperior ex - 164/086 - SV: Black Bolt (BLK),$40.00,1 Year Snapshot,$27.99,$89.99,706,GameNationCA,Near Mint Holofoil,$48.75,+ $6.99 Shipping,$55.74,NO
Serperior ex - 164/086 - SV: Black Bolt (BLK),$40.00,1 Year Snapshot,$27.99,$89.99,706,Creole Collectibles,Near Mint Holofoil,$55.94,Shipping: Included,$55.94,NO
Serperior ex - 164/086 - SV: Black Bolt (BLK),$40.00,1 Year Snapshot,$27.99,$89.99,706,FiireTCG,Near Mint Holofoil,$55.00,+ $0.99 Shipping,$55.99,NO
Serperior ex - 164/086 - SV: Black Bolt (BLK),$40.00,1 Year Snapshot,$27.99,$89.99,706,B3 TCG,Near Mint Holofoil,$56.05,Shipping: Included,$56.05,NO
Serperior ex - 164/086 - SV: Black Bolt (BLK),$40.00,1 Year Snapshot,$27.99,$89.99,706,Dapper Games,Lightly Played Holofoil,$51.12,+ $4.99 Shipping,$56.11,NO
Serperior ex - 164/086 - SV: Black Bolt (BLK),$40.00,1 Year Snapshot,$27.99,$89.99,706,Cromdome,Near Mint Holofoil,$55.90,+ $1.00 Shipping,$56.90,NO
Serperior ex - 164/086 - SV: Black Bolt (BLK),$40.00,1 Year Snapshot,$27.99,$89.99,706,Finch and Sparrow,Near Mint Holofoil,$56.92,Shipping: Included,$56.92,NO
Serperior ex - 164/086 - SV: Black Bolt (BLK),$40.00,1 Year Snapshot,$27.99,$89.99,706,aen95,Near Mint Holofoil,$55.00,+ $1.99 Shipping,$56.99,NO
Serperior ex - 164/086 - SV: Black Bolt (BLK),$40.00,1 Year Snapshot,$27.99,$89.99,706,Lovo Games,Near Mint Holofoil,$55.99,+ $1.49 Shipping,$57.48,NO
Serperior ex - 164/086 - SV: Black Bolt (BLK),$40.00,1 Year Snapshot,$27.99,$89.99,706,DesertGemCollectible,Near Mint Holofoil,$57.00,+ $1.50 Shipping,$58.50,NO
Serperior ex - 164/086 - SV: Black Bolt (BLK),$40.00,1 Year Snapshot,$27.99,$89.99,706,Mythic_Cards,Near Mint Holofoil,$57.21,+ $2.09 Shipping,$59.30,NO
Serperior ex - 164/086 - SV: Black Bolt (BLK),$40.00,1 Year Snapshot,$27.99,$89.99,706,TrendsetterCo,Near Mint Holofoil,$58.15,+ $1.31 Shipping,$59.46,NO
Serperior ex - 164/086 - SV: Black Bolt (BLK),$40.00,1 Year Snapshot,$27.99,$89.99,706,ComfeyCoZeeCards,Near Mint Holofoil,$60.00,Shipping: Included,$60.00,NO
Serperior ex - 164/086 - SV: Black Bolt (BLK),$40.00,1 Year Snapshot,$27.99,$89.99,706,Swaincocards,Near Mint Holofoil,$57.24,+ $2.98 Shipping,$60.22,NO
Serperior ex - 164/086 - SV: Black Bolt (BLK),$40.00,1 Year Snapshot,$27.99,$89.99,706,TPDaisy GC,Near Mint Holofoil,$58.28,+ $1.99 Shipping,$60.27,NO
Serperior ex - 164/086 - SV: Black Bolt (BLK),$40.00,1 Year Snapshot,$27.99,$89.99,706,StrikeZoneOnline,Near Mint Holofoil,$59.99,+ $2.49 Shipping,$62.48,NO
Serperior ex - 164/086 - SV: Black Bolt (BLK),$40.00,1 Year Snapshot,$27.99,$89.99,706,tropicalmint,Near Mint Holofoil,$64.99,+ $1.32 Shipping,$66.31,NO
Serperior ex - 164/086 - SV: Black Bolt (BLK),$40.00,1 Year Snapshot,$27.99,$89.99,706,AyeTea Collectibles,Near Mint Holofoil,$64.99,+ $1.99 Shipping,$66.98,NO
Serperior ex - 164/086 - SV: Black Bolt (BLK),$40.00,1 Year Snapshot,$27.99,$89.99,706,Fusion Gaming,Near Mint Holofoil,$60.00,+ $6.99 Shipping,$66.99,NO
Serperior ex - 164/086 - SV: Black Bolt (BLK),$40.00,1 Year Snapshot,$27.99,$89.99,706,The Wasteland Gaming,Near Mint Holofoil,$66.24,+ $1.25 Shipping,$67.49,NO
Serperior ex - 164/086 - SV: Black Bolt (BLK),$40.00,1 Year Snapshot,$27.99,$89.99,706,TCG Tavern,Near Mint Holofoil,$61.44,+ $8.99 Shipping,$70.43,NO
Serperior ex - 164/086 - SV: Black Bolt (BLK),$40.00,1 Year Snapshot,$27.99,$89.99,706,Prime Time Cards PTC,Near Mint Holofoil,$62.66,+ $9.95 Shipping,$72.61,NO
Serperior ex - 164/086 - SV: Black Bolt (BLK),$40.00,1 Year Snapshot,$27.99,$89.99,706,Koder,Near Mint Holofoil,$53.99,+ $19.99 Shipping,$73.98,NO
Serperior ex - 164/086 - SV: Black Bolt (BLK),$40.00,1 Year Snapshot,$27.99,$89.99,706,Mythic Store Canada,Near Mint Holofoil,$75.59,+ $1.99 Shipping,$77.58,NO
Serperior ex - 164/086 - SV: Black Bolt (BLK),$40.00,1 Year Snapshot,$27.99,$89.99,706,ProphecyCollectibles,Near Mint Holofoil,$80.00,Shipping: Included,$80.00,NO
Serperior ex - 164/086 - SV: Black Bolt (BLK),$40.00,1 Year Snapshot,$27.99,$89.99,706,Gaelspokeshop,Near Mint Holofoil,$84.99,Shipping: Included,$84.99,NO
Serperior ex - 164/086 - SV: Black Bolt (BLK),$40.00,1 Year Snapshot,$27.99,$89.99,706,Forty Two TCG,Near Mint Holofoil,$89.99,Shipping: Included,$89.99,NO
Serperior ex - 164/086 - SV: Black Bolt (BLK),$40.00,1 Year Snapshot,$27.99,$89.99,706,LegendsTCGShop,Lightly Played Holofoil,$428.50,+ $2.49 Shipping,$430.99,NO
Slowpoke - 204/198 - SV01: Scarlet & Violet Base Set (SVI),$25.00,1 Year Snapshot,$15.00,$96.94,312,Camden Cards,Lightly Played Holofoil,$33.00,Free Shipping on Orders Over $50,$33.00,NO
Slowpoke - 204/198 - SV01: Scarlet & Violet Base Set (SVI),$25.00,1 Year Snapshot,$15.00,$96.94,312,TopTierBoardGames,Lightly Played Holofoil,$33.01,Free Shipping on Orders Over $50,$33.01,NO
Slowpoke - 204/198 - SV01: Scarlet & Violet Base Set (SVI),$25.00,1 Year Snapshot,$15.00,$96.94,312,Vib ComicsandCards,Lightly Played Holofoil,$32.36,+ $1.31 Shipping,$33.67,NO
Slowpoke - 204/198 - SV01: Scarlet & Violet Base Set (SVI),$25.00,1 Year Snapshot,$15.00,$96.94,312,gavinfly,Near Mint Holofoil,$33.00,+ $1.39 Shipping,$34.39,NO
Slowpoke - 204/198 - SV01: Scarlet & Violet Base Set (SVI),$25.00,1 Year Snapshot,$15.00,$96.94,312,esp tcg,Near Mint Holofoil,$34.88,Shipping: Included,$34.88,NO
Slowpoke - 204/198 - SV01: Scarlet & Violet Base Set (SVI),$25.00,1 Year Snapshot,$15.00,$96.94,312,Collector Store LLC,Lightly Played Holofoil,$35.07,Free Shipping on Orders Over $50,$35.07,NO
Slowpoke - 204/198 - SV01: Scarlet & Violet Base Set (SVI),$25.00,1 Year Snapshot,$15.00,$96.94,312,Foil Me Once,Lightly Played Holofoil,$35.99,Free Shipping on Orders Over $50,$35.99,NO
Slowpoke - 204/198 - SV01: Scarlet & Violet Base Set (SVI),$25.00,1 Year Snapshot,$15.00,$96.94,312,Loot Labs TCG,Lightly Played Holofoil,$34.99,+ $1.00 Shipping,$35.99,NO
Slowpoke - 204/198 - SV01: Scarlet & Violet Base Set (SVI),$25.00,1 Year Snapshot,$15.00,$96.94,312,TCG Pro Store,Near Mint Holofoil,$34.99,+ $1.35 Shipping,$36.34,NO
Slowpoke - 204/198 - SV01: Scarlet & Violet Base Set (SVI),$25.00,1 Year Snapshot,$15.00,$96.94,312,WFGamingCo,Lightly Played Holofoil,$36.39,Free Shipping on Orders Over $50,$36.39,NO
Slowpoke - 204/198 - SV01: Scarlet & Violet Base Set (SVI),$25.00,1 Year Snapshot,$15.00,$96.94,312,Critical GnH,Lightly Played Holofoil,$36.49,+ $1.49 Shipping,$37.98,NO
Slowpoke - 204/198 - SV01: Scarlet & Violet Base Set (SVI),$25.00,1 Year Snapshot,$15.00,$96.94,312,EM Pokestop,Lightly Played Holofoil,$36.97,+ $1.49 Shipping,$38.46,NO
Slowpoke - 204/198 - SV01: Scarlet & Violet Base Set (SVI),$25.00,1 Year Snapshot,$15.00,$96.94,312,Dinos Cards Collect,Lightly Played Holofoil,$36.96,+ $1.99 Shipping,$38.95,NO
Slowpoke - 204/198 - SV01: Scarlet & Violet Base Set (SVI),$25.00,1 Year Snapshot,$15.00,$96.94,312,VulPicksCards,Lightly Played Holofoil,$37.00,+ $2.00 Shipping,$39.00,NO
Slowpoke - 204/198 - SV01: Scarlet & Violet Base Set (SVI),$25.00,1 Year Snapshot,$15.00,$96.94,312,CoolCardsRUS,Near Mint Holofoil,$38.16,+ $0.99 Shipping,$39.15,NO
Slowpoke - 204/198 - SV01: Scarlet & Violet Base Set (SVI),$25.00,1 Year Snapshot,$15.00,$96.94,312,MagicStronghold,Lightly Played Holofoil,$39.15,Free Shipping on Orders Over $50,$39.15,NO
Slowpoke - 204/198 - SV01: Scarlet & Violet Base Set (SVI),$25.00,1 Year Snapshot,$15.00,$96.94,312,RareCandyTradingCo,Near Mint Holofoil,$39.15,Shipping: Included,$39.15,NO
Slowpoke - 204/198 - SV01: Scarlet & Violet Base Set (SVI),$25.00,1 Year Snapshot,$15.00,$96.94,312,Epik Cards & Games,Lightly Played Holofoil,$39.27,Shipping: Included,$39.27,NO
Slowpoke - 204/198 - SV01: Scarlet & Violet Base Set (SVI),$25.00,1 Year Snapshot,$15.00,$96.94,312,Planeswalker Network,Near Mint Holofoil,$39.48,Shipping: Included,$39.48,NO
Slowpoke - 204/198 - SV01: Scarlet & Violet Base Set (SVI),$25.00,1 Year Snapshot,$15.00,$96.94,312,Nimbus and Krow,Near Mint Holofoil,$38.50,+ $0.99 Shipping,$39.49,NO
Slowpoke - 204/198 - SV01: Scarlet & Violet Base Set (SVI),$25.00,1 Year Snapshot,$15.00,$96.94,312,PhantasmGaming,Lightly Played Holofoil,$39.49,Shipping: Included,$39.49,NO
Slowpoke - 204/198 - SV01: Scarlet & Violet Base Set (SVI),$25.00,1 Year Snapshot,$15.00,$96.94,312,Card Titan,Lightly Played Holofoil,$39.59,Free Shipping on Orders Over $50,$39.59,NO
Slowpoke - 204/198 - SV01: Scarlet & Violet Base Set (SVI),$25.00,1 Year Snapshot,$15.00,$96.94,312,Geek Shack,Lightly Played Holofoil,$37.00,+ $2.99 Shipping,$39.99,NO
Slowpoke - 204/198 - SV01: Scarlet & Violet Base Set (SVI),$25.00,1 Year Snapshot,$15.00,$96.94,312,RMPkmn,Near Mint Holofoil,$38.50,+ $1.49 Shipping,$39.99,NO
Slowpoke - 204/198 - SV01: Scarlet & Violet Base Set (SVI),$25.00,1 Year Snapshot,$15.00,$96.94,312,151TradingCards,Near Mint Holofoil,$39.23,+ $0.99 Shipping,$40.22,NO
Slowpoke - 204/198 - SV01: Scarlet & Violet Base Set (SVI),$25.00,1 Year Snapshot,$15.00,$96.94,312,Outer Limits Comics,Near Mint Holofoil,$39.00,+ $1.31 Shipping,$40.31,NO
Slowpoke - 204/198 - SV01: Scarlet & Violet Base Set (SVI),$25.00,1 Year Snapshot,$15.00,$96.94,312,Breakside TCG,Near Mint Holofoil,$38.94,+ $1.45 Shipping,$40.39,NO
Slowpoke - 204/198 - SV01: Scarlet & Violet Base Set (SVI),$25.00,1 Year Snapshot,$15.00,$96.94,312,PokeSauce,Near Mint Holofoil,$39.00,+ $1.49 Shipping,$40.49,NO
Slowpoke - 204/198 - SV01: Scarlet & Violet Base Set (SVI),$25.00,1 Year Snapshot,$15.00,$96.94,312,xMRKooLKiDx Cardz,Near Mint Holofoil,$40.50,Shipping: Included,$40.50,NO
Slowpoke - 204/198 - SV01: Scarlet & Violet Base Set (SVI),$25.00,1 Year Snapshot,$15.00,$96.94,312,Card Addicts,Lightly Played Holofoil,$40.58,Free Shipping on Orders Over $50,$40.58,NO
Slowpoke - 204/198 - SV01: Scarlet & Violet Base Set (SVI),$25.00,1 Year Snapshot,$15.00,$96.94,312,CBX HOBBY,Lightly Played Holofoil,$36.39,+ $4.50 Shipping,$40.89,NO
Slowpoke - 204/198 - SV01: Scarlet & Violet Base Set (SVI),$25.00,1 Year Snapshot,$15.00,$96.94,312,Galaxy Games LLC,Lightly Played Holofoil,$38.90,+ $1.99 Shipping,$40.89,NO
Slowpoke - 204/198 - SV01: Scarlet & Violet Base Set (SVI),$25.00,1 Year Snapshot,$15.00,$96.94,312,Spacecard Collect,Near Mint Holofoil,$40.00,+ $0.99 Shipping,$40.99,NO
Slowpoke - 204/198 - SV01: Scarlet & Violet Base Set (SVI),$25.00,1 Year Snapshot,$15.00,$96.94,312,CKShoals,Near Mint Holofoil,$39.03,+ $1.99 Shipping,$41.02,NO
Slowpoke - 204/198 - SV01: Scarlet & Violet Base Set (SVI),$25.00,1 Year Snapshot,$15.00,$96.94,312,SellingTradingCards,Near Mint Holofoil,$41.04,Shipping: Included,$41.04,NO
Slowpoke - 204/198 - SV01: Scarlet & Violet Base Set (SVI),$25.00,1 Year Snapshot,$15.00,$96.94,312,DealinWithTheHudsons,Near Mint Holofoil,$39.11,+ $1.99 Shipping,$41.10,NO
Slowpoke - 204/198 - SV01: Scarlet & Violet Base Set (SVI),$25.00,1 Year Snapshot,$15.00,$96.94,312,EMSTCG,Near Mint Holofoil,$41.14,Shipping: Included,$41.14,NO
Slowpoke - 204/198 - SV01: Scarlet & Violet Base Set (SVI),$25.00,1 Year Snapshot,$15.00,$96.94,312,OvertheTopGamesLLC,Near Mint Holofoil,$39.34,+ $2.50 Shipping,$41.84,NO
Slowpoke - 204/198 - SV01: Scarlet & Violet Base Set (SVI),$25.00,1 Year Snapshot,$15.00,$96.94,312,S2 Cards,Near Mint Holofoil,$38.96,+ $2.99 Shipping,$41.95,NO
Slowpoke - 204/198 - SV01: Scarlet & Violet Base Set (SVI),$25.00,1 Year Snapshot,$15.00,$96.94,312,ThreeGensCollecting,Near Mint Holofoil,$40.49,+ $1.49 Shipping,$41.98,NO
Slowpoke - 204/198 - SV01: Scarlet & Violet Base Set (SVI),$25.00,1 Year Snapshot,$15.00,$96.94,312,VintageVaults,Lightly Played Holofoil,$41.99,Shipping: Included,$41.99,NO
Slowpoke - 204/198 - SV01: Scarlet & Violet Base Set (SVI),$25.00,1 Year Snapshot,$15.00,$96.94,312,OneUpTCG Tuscaloosa,Near Mint Holofoil,$42.03,Shipping: Included,$42.03,NO
Slowpoke - 204/198 - SV01: Scarlet & Violet Base Set (SVI),$25.00,1 Year Snapshot,$15.00,$96.94,312,Darkwater Games,Lightly Played Holofoil,$42.45,Free Shipping on Orders Over $50,$42.45,NO
Slowpoke - 204/198 - SV01: Scarlet & Violet Base Set (SVI),$25.00,1 Year Snapshot,$15.00,$96.94,312,Refined Gaming LLC,Near Mint Holofoil,$42.50,Shipping: Included,$42.50,NO
Slowpoke - 204/198 - SV01: Scarlet & Violet Base Set (SVI),$25.00,1 Year Snapshot,$15.00,$96.94,312,Arkham GAC,Near Mint Holofoil,$41.17,+ $1.50 Shipping,$42.67,NO
Slowpoke - 204/198 - SV01: Scarlet & Violet Base Set (SVI),$25.00,1 Year Snapshot,$15.00,$96.94,312,Hypercollectible,Near Mint Holofoil,$41.11,+ $1.60 Shipping,$42.71,NO
Slowpoke - 204/198 - SV01: Scarlet & Violet Base Set (SVI),$25.00,1 Year Snapshot,$15.00,$96.94,312,NewGuyz Cards,Near Mint Holofoil,$40.94,+ $2.00 Shipping,$42.94,NO
Slowpoke - 204/198 - SV01: Scarlet & Violet Base Set (SVI),$25.00,1 Year Snapshot,$15.00,$96.94,312,Galaxy Games LLC,Near Mint Holofoil,$40.98,+ $1.99 Shipping,$42.97,NO
Slowpoke - 204/198 - SV01: Scarlet & Violet Base Set (SVI),$25.00,1 Year Snapshot,$15.00,$96.94,312,Flamehart Gaming,Near Mint Holofoil,$38.00,+ $4.99 Shipping,$42.99,NO
Slowpoke - 204/198 - SV01: Scarlet & Violet Base Set (SVI),$25.00,1 Year Snapshot,$15.00,$96.94,312,Mox Valley Games,Near Mint Holofoil,$43.10,Shipping: Included,$43.10,NO
Slowpoke - 204/198 - SV01: Scarlet & Violet Base Set (SVI),$25.00,1 Year Snapshot,$15.00,$96.94,312,Rafdog Rips,Near Mint Holofoil,$43.13,Shipping: Included,$43.13,NO
Slowpoke - 204/198 - SV01: Scarlet & Violet Base Set (SVI),$25.00,1 Year Snapshot,$15.00,$96.94,312,Play to Win Games,Near Mint Holofoil,$43.27,Shipping: Included,$43.27,NO
Slowpoke - 204/198 - SV01: Scarlet & Violet Base Set (SVI),$25.00,1 Year Snapshot,$15.00,$96.94,312,OneUpTCGHattiesburg,Near Mint Holofoil,$43.28,Shipping: Included,$43.28,NO
Slowpoke - 204/198 - SV01: Scarlet & Violet Base Set (SVI),$25.00,1 Year Snapshot,$15.00,$96.94,312,Bkai's Biggins,Near Mint Holofoil,$43.94,Shipping: Included,$43.94,NO
Slowpoke - 204/198 - SV01: Scarlet & Violet Base Set (SVI),$25.00,1 Year Snapshot,$15.00,$96.94,312,LizzieReignTCG,Near Mint Holofoil,$40.00,+ $3.99 Shipping,$43.99,NO
Slowpoke - 204/198 - SV01: Scarlet & Violet Base Set (SVI),$25.00,1 Year Snapshot,$15.00,$96.94,312,Card Titan,Near Mint Holofoil,$43.99,Free Shipping on Orders Over $50,$43.99,NO
Slowpoke - 204/198 - SV01: Scarlet & Violet Base Set (SVI),$25.00,1 Year Snapshot,$15.00,$96.94,312,KACSellsTCG,Near Mint Holofoil,$39.08,+ $4.99 Shipping,$44.07,NO
Slowpoke - 204/198 - SV01: Scarlet & Violet Base Set (SVI),$25.00,1 Year Snapshot,$15.00,$96.94,312,Fujis,Near Mint Holofoil,$44.31,Shipping: Included,$44.31,NO
Slowpoke - 204/198 - SV01: Scarlet & Violet Base Set (SVI),$25.00,1 Year Snapshot,$15.00,$96.94,312,JoedaddyCards,Near Mint Holofoil,$42.33,+ $1.99 Shipping,$44.32,NO
Slowpoke - 204/198 - SV01: Scarlet & Violet Base Set (SVI),$25.00,1 Year Snapshot,$15.00,$96.94,312,PokemartCollectibles,Near Mint Holofoil,$43.13,+ $1.31 Shipping,$44.44,NO
Slowpoke - 204/198 - SV01: Scarlet & Violet Base Set (SVI),$25.00,1 Year Snapshot,$15.00,$96.94,312,The Vault MKE,Near Mint Holofoil,$44.50,Free Shipping on Orders Over $50,$44.50,NO
Slowpoke - 204/198 - SV01: Scarlet & Violet Base Set (SVI),$25.00,1 Year Snapshot,$15.00,$96.94,312,ASCollectibles1,Near Mint Holofoil,$43.16,+ $1.50 Shipping,$44.66,NO
